,Unnamed: 0,3407,Battery,Date,Direction,Event Type,Fuel,Id,Latitude,Location,Longitude,Map IT,Mileage,Speed,Time Type,imei,time,time_percent,user
0,36,,96,8/27/18,E,Engine Off,0,713,40.777784000000004,"Imlay, NV",-119.20776699999999,Map it,2.67159,0.37278,11:09 AM,5836,8/27/18 11:09,0.478580066,0
1,37,,95,8/27/18,E,Engine Off,0,714,40.777784000000004,"Imlay, NV",-119.20776699999999,Map it,2.67159,0.0,11:09 AM,5836,8/27/18 11:09,0.478580066,0
2,38,,95,8/27/18,E,Engine Off,0,715,40.777784000000004,"Imlay, NV",-119.20776699999999,Map it,2.67159,0.0,11:10 AM,5836,8/27/18 11:10,0.47866643600000003,0
3,39,,95,8/27/18,E,Engine Off,0,716,40.777784000000004,"Imlay, NV",-119.20776699999999,Map it,2.67159,0.0,11:11 AM,5836,8/27/18 11:11,0.478752807,0
4,40,,95,8/27/18,E,Engine Off,0,717,40.777784000000004,"Imlay, NV",-119.20776699999999,Map it,2.67159,0.0,11:13 AM,5836,8/27/18 11:13,0.478925548,0
5,41,,95,8/27/18,E,Engine Off,0,718,40.777784000000004,"Imlay, NV",-119.20776699999999,Map it,2.67159,0.0,11:13 AM,5836,8/27/18 11:13,0.478925548,0
6,42,,95,8/27/18,E,Engine Off,0,719,40.777784000000004,"Imlay, NV",-119.20776699999999,Map it,2.67159,0.0,11:17 AM,5836,8/27/18 11:17,0.479271031,0
7,43,,96,8/27/18,E,Engine Off,0,720,40.777784000000004,"Imlay, NV",-119.20776699999999,Map it,2.67159,0.0,11:18 AM,5836,8/27/18 11:18,0.47935740200000004,0
8,44,,95,8/27/18,E,Engine Off,0,721,40.777784000000004,"Imlay, NV",-119.20776699999999,Map it,2.67159,0.0,11:19 AM,5836,8/27/18 11:19,0.47944377299999996,0
9,45,,94,8/27/18,E,Engine Off,0,722,40.777784000000004,"Imlay, NV",-119.20776699999999,Map it,2.67159,0.0,11:19 AM,5836,8/27/18 11:19,0.47944377299999996,0
10,46,,94,8/27/18,E,Engine Off,0,723,40.777784000000004,"Imlay, NV",-119.20776699999999,Map it,2.67159,0.0,11:20 AM,5836,8/27/18 11:20,0.47953014299999996,0
11,47,,96,8/27/18,E,Engine Off,0,724,40.777784000000004,"Imlay, NV",-119.20776699999999,Map it,2.67159,0.0,11:21 AM,5836,8/27/18 11:21,0.479616514,0
12,48,,96,8/27/18,E,Engine Off,0,725,40.777784000000004,"Imlay, NV",-119.20776699999999,Map it,2.67159,0.0,11:22 AM,5836,8/27/18 11:22,0.479702885,0
13,49,,95,8/27/18,E,Engine Off,0,726,40.777784000000004,"Imlay, NV",-119.20776699999999,Map it,2.67159,0.0,11:29 AM,5836,8/27/18 11:29,0.48030748,0
14,50,,96,8/27/18,E,Engine Off,0,727,40.777784000000004,"Imlay, NV",-119.20776699999999,Map it,2.67159,0.0,11:31 AM,5836,8/27/18 11:31,0.48048022100000004,0
15,51,,95,8/27/18,E,Engine Off,0,728,40.777784000000004,"Imlay, NV",-119.20776699999999,Map it,2.67159,0.0,11:34 AM,5836,8/27/18 11:34,0.480739333,0
16,52,,95,8/27/18,E,Engine Off,0,729,40.777784000000004,"Imlay, NV",-119.20776699999999,Map it,2.67159,0.0,11:35 AM,5836,8/27/18 11:35,0.48082570399999996,0
17,53,,94,8/27/18,E,Engine Off,0,730,40.777784000000004,"Imlay, NV",-119.20776699999999,Map it,2.67159,0.0,11:39 AM,5836,8/27/18 11:39,0.48117118700000006,0
18,54,,95,8/27/18,E,Engine Off,0,731,40.777784000000004,"Imlay, NV",-119.20776699999999,Map it,2.67159,0.0,11:41 AM,5836,8/27/18 11:41,0.481343928,0
19,55,,94,8/27/18,E,Engine Off,0,732,40.777784000000004,"Imlay, NV",-119.20776699999999,Map it,2.67159,0.0,11:51 AM,5836,8/27/18 11:51,0.482207635,0
20,56,,94,8/27/18,E,Engine Off,0,733,40.777784000000004,"Imlay, NV",-119.20776699999999,Map it,2.67159,0.0,11:51 AM,5836,8/27/18 11:51,0.482207635,0
21,57,,94,8/27/18,E,Engine Off,0,734,40.777784000000004,"Imlay, NV",-119.20776699999999,Map it,2.67159,0.0,11:57 AM,5836,8/27/18 11:57,0.482725859,0
22,58,,94,8/27/18,E,Engine Off,0,735,40.777784000000004,"Imlay, NV",-119.20776699999999,Map it,2.67159,0.0,11:58 AM,5836,8/27/18 11:58,0.48281223,0
23,59,,95,8/27/18,E,Engine Off,0,736,40.777784000000004,"Imlay, NV",-119.20776699999999,Map it,2.67159,0.0,11:59 AM,5836,8/27/18 11:59,0.48289860100000004,0
24,60,,95,8/27/18,E,Engine Off,0,737,40.777784000000004,"Imlay, NV",-119.20776699999999,Map it,2.67159,0.0,11:59 AM,5836,8/27/18 11:59,0.48289860100000004,0
25,61,,96,8/27/18,E,Engine Off,0,738,40.777784000000004,"Imlay, NV",-119.20776699999999,Map it,2.67159,0.0,12:01 PM,5836,8/27/18 12:01,0.483071342,0
26,62,,96,8/27/18,E,Engine Off,0,739,40.777784000000004,"Imlay, NV",-119.20776699999999,Map it,2.67159,0.0,12:01 PM,5836,8/27/18 12:01,0.483071342,0
27,63,,95,8/27/18,E,Engine Off,0,740,40.777784000000004,"Imlay, NV",-119.20776699999999,Map it,2.67159,0.0,12:02 PM,5836,8/27/18 12:02,0.483157713,0
28,64,,94,8/27/18,E,Engine Off,0,741,40.777784000000004,"Imlay, NV",-119.20776699999999,Map it,2.67159,0.0,12:03 PM,5836,8/27/18 12:03,0.48324408399999996,0
29,65,,95,8/27/18,N,Engine Off,0,742,40.778013,,-119.208031,Map it,2.73372,2.23668,12:03 PM,5836,8/27/18 12:03,0.48324408399999996,0
30,66,,95,8/27/18,W,Engine Off,0,743,40.778448,,-119.208424,Map it,2.73372,2.85798,12:04 PM,5836,8/27/18 12:04,0.48333045399999996,0
31,67,,95,8/27/18,N,Engine Off,0,744,40.779144,,-119.20843700000002,Map it,2.79585,1.8639,12:05 PM,5836,8/27/18 12:05,0.483416825,0
32,68,,95,8/27/18,N,Engine Off,0,745,40.779824,,-119.208409,Map it,2.85798,2.54733,12:06 PM,5836,8/27/18 12:06,0.483503196,0
33,69,,94,8/27/18,NE,Engine Off,0,746,40.780468,,-119.206842,Map it,2.9201099999999998,3.60354,12:08 PM,5836,8/27/18 12:08,0.48367593700000006,0
34,70,,94,8/27/18,NE,Engine Off,0,747,40.780643,"Imlay, NV",-119.206535,Map it,2.9201099999999998,0.18639,12:09 PM,5836,8/27/18 12:09,0.483762308,0
35,71,,95,8/27/18,NE,Engine Off,0,748,40.780643,"Imlay, NV",-119.206535,Map it,2.9201099999999998,0.0,12:11 PM,5836,8/27/18 12:11,0.483935049,0
36,72,,94,8/27/18,NE,Engine Off,0,749,40.780643,"Imlay, NV",-119.206535,Map it,2.9201099999999998,0.0,12:12 PM,5836,8/27/18 12:12,0.48402142,0
37,73,,94,8/27/18,NE,Engine Off,0,750,40.780643,"Imlay, NV",-119.206535,Map it,2.9201099999999998,0.0,12:13 PM,5836,8/27/18 12:13,0.484107791,0
38,74,,94,8/27/18,NE,Engine Off,0,751,40.780643,"Imlay, NV",-119.206535,Map it,2.9201099999999998,0.0,12:17 PM,5836,8/27/18 12:17,0.48445327299999996,0
39,75,,95,8/27/18,NE,Engine Off,0,752,40.780643,"Imlay, NV",-119.206535,Map it,2.9201099999999998,0.0,12:18 PM,5836,8/27/18 12:18,0.484539644,0
40,76,,94,8/27/18,NE,Engine Off,0,753,40.780643,"Imlay, NV",-119.206535,Map it,2.9201099999999998,0.0,12:19 PM,5836,8/27/18 12:19,0.484626015,0
41,77,,93,8/27/18,NE,Engine Off,0,754,40.780643,"Imlay, NV",-119.206535,Map it,2.9201099999999998,0.0,12:20 PM,5836,8/27/18 12:20,0.484712386,0
42,78,,93,8/27/18,NE,Engine Off,0,755,40.780643,"Imlay, NV",-119.206535,Map it,2.9201099999999998,0.0,12:20 PM,5836,8/27/18 12:20,0.484712386,0
43,79,,93,8/27/18,NE,Engine Off,0,756,40.780643,"Imlay, NV",-119.206535,Map it,2.9201099999999998,0.0,12:21 PM,5836,8/27/18 12:21,0.484798756,0
44,80,,93,8/27/18,NE,Engine Off,0,757,40.780449,"Imlay, NV",-119.206347,Map it,2.9201099999999998,0.31065,12:22 PM,5836,8/27/18 12:22,0.484885127,0
45,81,,94,8/27/18,NE,Engine Off,0,758,40.780449,"Imlay, NV",-119.206347,Map it,2.98224,0.31065,12:32 PM,5836,8/27/18 12:32,0.48574883399999996,0
46,82,,95,8/27/18,NE,Engine Off,0,759,40.780497,,-119.20688,Map it,2.98224,1.8639,12:33 PM,5836,8/27/18 12:33,0.485835205,0
47,83,,95,8/27/18,NE,Engine Off,0,760,40.780639,,-119.20786799999999,Map it,3.0443700000000002,1.30473,12:34 PM,5836,8/27/18 12:34,0.485921575,0
48,84,,95,8/27/18,NE,Engine Off,0,761,40.780778000000005,,-119.20876200000001,Map it,3.1065,1.8639,12:35 PM,5836,8/27/18 12:35,0.486007946,0
49,85,,95,8/27/18,W,Engine Off,0,762,40.780905,,-119.20966000000001,Map it,3.1065,3.16863,12:36 PM,5836,8/27/18 12:36,0.48609431700000005,0
50,86,,94,8/27/18,NW,Engine Off,0,763,40.781382,,-119.21075400000001,Map it,3.23076,6.0887400000000005,12:37 PM,5836,8/27/18 12:37,0.48618068799999997,0
51,87,,93,8/27/18,NW,Engine Off,0,764,40.781813,"Imlay, NV",-119.21146999999999,Map it,3.23076,0.99408,12:38 PM,5836,8/27/18 12:38,0.486267058,0
52,88,,94,8/27/18,NW,Engine Off,0,765,40.782128,,-119.21194799999999,Map it,3.2928900000000003,2.29881,12:39 PM,5836,8/27/18 12:39,0.486353429,0
53,89,,94,8/27/18,S,Engine Off,0,766,40.782563,,-119.212979,Map it,3.3550199999999997,3.3550199999999997,12:40 PM,5836,8/27/18 12:40,0.48643980000000003,0
54,90,,94,8/27/18,SE,Engine Off,0,767,40.782379999999996,,-119.21310600000001,Map it,3.3550199999999997,2.29881,12:41 PM,5836,8/27/18 12:41,0.48652617,0
55,91,,93,8/27/18,E,Engine Off,0,768,40.782432,,-119.212814,Map it,3.3550199999999997,3.97632,12:45 PM,5836,8/27/18 12:45,0.48687165299999996,0
56,92,,94,8/27/18,SE,Engine Off,0,769,40.782534999999996,,-119.213183,Map it,3.41715,4.65975,12:46 PM,5836,8/27/18 12:46,0.486958024,0
57,93,,93,8/27/18,SE,Engine Off,0,770,40.782534999999996,,-119.213183,Map it,3.41715,4.65975,12:47 PM,5836,8/27/18 12:47,0.487044395,0
58,94,,94,8/27/18,SE,Engine Off,0,771,40.782429,,-119.212572,Map it,3.41715,6.39939,12:48 PM,5836,8/27/18 12:48,0.487130765,0
59,95,,94,8/27/18,S,Engine Off,0,772,40.781971999999996,"Imlay, NV",-119.212399,Map it,3.41715,0.6213,12:49 PM,5836,8/27/18 12:49,0.487217136,0
60,96,,95,8/27/18,S,Engine Off,0,773,40.781971999999996,"Imlay, NV",-119.212399,Map it,3.47928,0.6213,12:51 PM,5836,8/27/18 12:51,0.487389877,0
61,97,,95,8/27/18,S,Engine Off,0,774,40.781418,,-119.21308400000001,Map it,3.54141,3.7278,12:52 PM,5836,8/27/18 12:52,0.48747624799999995,0
62,98,,94,8/27/18,S,Engine Off,0,775,40.781684000000006,"Imlay, NV",-119.21394599999999,Map it,3.54141,0.37278,12:53 PM,5836,8/27/18 12:53,0.487562619,0
63,99,,94,8/27/18,S,Engine Off,0,776,40.781684000000006,"Imlay, NV",-119.21394599999999,Map it,3.54141,0.0,12:54 PM,5836,8/27/18 12:54,0.487648989,0
64,100,,94,8/27/18,S,Engine Off,0,777,40.781684000000006,"Imlay, NV",-119.21394599999999,Map it,3.54141,0.0,12:56 PM,5836,8/27/18 12:56,0.48782173100000004,0
65,101,,94,8/27/18,S,Engine Off,0,778,40.781684000000006,"Imlay, NV",-119.21394599999999,Map it,3.54141,0.0,12:56 PM,5836,8/27/18 12:56,0.48782173100000004,0
66,102,,94,8/27/18,S,Engine Off,0,779,40.781684000000006,"Imlay, NV",-119.21394599999999,Map it,3.54141,0.0,12:57 PM,5836,8/27/18 12:57,0.487908102,0
67,103,,94,8/27/18,S,Engine Off,0,780,40.781684000000006,"Imlay, NV",-119.21394599999999,Map it,3.54141,0.0,12:58 PM,5836,8/27/18 12:58,0.487994472,0
68,104,,93,8/27/18,S,Engine Off,0,781,40.781729,"Imlay, NV",-119.213978,Map it,3.54141,0.0,1:09 PM,5836,8/27/18 13:09,0.48894455,0
69,105,,93,8/27/18,S,Engine Off,0,782,40.781729,"Imlay, NV",-119.213978,Map it,3.54141,0.0,1:10 PM,5836,8/27/18 13:10,0.489030921,0
70,106,,93,8/27/18,S,Engine Off,0,783,40.781729,"Imlay, NV",-119.213978,Map it,3.54141,0.0,1:11 PM,5836,8/27/18 13:11,0.489117291,0
71,107,,92,8/27/18,S,Engine Off,0,784,40.781729,"Imlay, NV",-119.213978,Map it,3.54141,0.0,1:12 PM,5836,8/27/18 13:12,0.48920366200000004,0
72,108,,94,8/27/18,S,Engine Off,0,785,40.781729,"Imlay, NV",-119.213978,Map it,3.54141,0.0,1:13 PM,5836,8/27/18 13:13,0.48929003299999996,0
73,109,,93,8/27/18,E,Engine Off,0,786,40.781290000000006,,-119.213109,Map it,3.54141,2.98224,1:14 PM,5836,8/27/18 13:14,0.489376404,0
74,110,,93,8/27/18,E,Engine Off,0,787,40.781233,"Imlay, NV",-119.212703,Map it,3.54141,0.0,1:15 PM,5836,8/27/18 13:15,0.489462774,0
75,111,,93,8/27/18,E,Engine Off,0,788,40.781233,"Imlay, NV",-119.212703,Map it,3.54141,0.0,1:16 PM,5836,8/27/18 13:16,0.489549145,0
76,112,,93,8/27/18,E,Engine Off,0,789,40.781233,"Imlay, NV",-119.212703,Map it,3.54141,0.0,1:17 PM,5836,8/27/18 13:17,0.489635516,0
77,113,,93,8/27/18,E,Engine Off,0,790,40.781233,"Imlay, NV",-119.212703,Map it,3.54141,0.0,1:18 PM,5836,8/27/18 13:18,0.489721886,0
78,114,,93,8/27/18,E,Engine Off,0,791,40.781233,"Imlay, NV",-119.212703,Map it,3.54141,0.0,1:19 PM,5836,8/27/18 13:19,0.489808257,0
79,115,,94,8/27/18,E,Engine Off,0,792,40.781233,"Imlay, NV",-119.212703,Map it,3.54141,0.0,1:20 PM,5836,8/27/18 13:20,0.48989462799999994,0
80,116,,94,8/27/18,E,Engine Off,0,793,40.781233,"Imlay, NV",-119.212703,Map it,3.54141,0.0,1:21 PM,5836,8/27/18 13:21,0.48998099799999995,0
81,117,,93,8/27/18,E,Engine Off,0,794,40.781233,"Imlay, NV",-119.212703,Map it,3.54141,0.0,1:22 PM,5836,8/27/18 13:22,0.490067369,0
82,118,,93,8/27/18,E,Engine Off,0,795,40.781233,"Imlay, NV",-119.212703,Map it,3.54141,0.0,1:23 PM,5836,8/27/18 13:23,0.49015374,0
83,119,,93,8/27/18,E,Engine Off,0,796,40.781233,"Imlay, NV",-119.212703,Map it,3.54141,0.0,1:24 PM,5836,8/27/18 13:24,0.49024011100000003,0
84,120,,93,8/27/18,NE,Engine Off,0,797,40.781395,,-119.21253700000001,Map it,3.60354,2.79585,1:25 PM,5836,8/27/18 13:25,0.49032648100000004,0
85,121,,94,8/27/18,NE,Engine Off,0,798,40.781807,,-119.211881,Map it,3.6656699999999995,2.29881,1:26 PM,5836,8/27/18 13:26,0.490412852,0
86,122,,94,8/27/18,SE,Engine Off,0,799,40.781615,,-119.21111699999999,Map it,3.6656699999999995,3.1065,1:27 PM,5836,8/27/18 13:27,0.490499223,0
87,123,,92,8/27/18,SE,Engine Off,0,800,40.781254,,-119.21039499999999,Map it,3.7278,2.67159,1:28 PM,5836,8/27/18 13:28,0.490585593,0
88,124,,92,8/27/18,E,Engine Off,0,801,40.781033,,-119.20960600000001,Map it,3.7899300000000005,2.85798,1:29 PM,5836,8/27/18 13:29,0.49067196399999996,0
89,125,,93,8/27/18,E,Engine Off,0,802,40.780893,,-119.208772,Map it,3.7899300000000005,3.54141,1:30 PM,5836,8/27/18 13:30,0.490758335,0
90,126,,94,8/27/18,NE,Engine Off,0,803,40.780906,,-119.20783600000001,Map it,3.85206,3.16863,1:31 PM,5836,8/27/18 13:31,0.490844705,0
91,127,,94,8/27/18,NE,Engine Off,0,804,40.781087,,-119.20744099999999,Map it,3.91419,1.36686,1:32 PM,5836,8/27/18 13:32,0.490931076,0
92,128,,94,8/27/18,NE,Engine Off,0,805,40.781087,,-119.20744099999999,Map it,3.91419,1.36686,1:34 PM,5836,8/27/18 13:34,0.49110381799999997,0
93,129,,94,8/27/18,NE,Engine Off,0,806,40.781087,"Imlay, NV",-119.20744099999999,Map it,3.91419,0.0,1:35 PM,5836,8/27/18 13:35,0.49119018799999997,0
94,130,,94,8/27/18,NE,Engine Off,0,807,40.781087,"Imlay, NV",-119.20744099999999,Map it,3.91419,0.0,1:36 PM,5836,8/27/18 13:36,0.491276559,0
95,131,,93,8/27/18,NE,Engine Off,0,808,40.781087,"Imlay, NV",-119.20744099999999,Map it,3.91419,0.0,1:36 PM,5836,8/27/18 13:36,0.491276559,0
96,132,,94,8/27/18,NE,Engine Off,0,809,40.781087,"Imlay, NV",-119.20744099999999,Map it,3.91419,0.0,1:37 PM,5836,8/27/18 13:37,0.49136293,0
97,133,,94,8/27/18,NE,Engine Off,0,810,40.781087,"Imlay, NV",-119.20744099999999,Map it,3.91419,0.0,1:38 PM,5836,8/27/18 13:38,0.4914492999999999,0
98,134,,94,8/27/18,NE,Engine Off,0,811,40.781087,"Imlay, NV",-119.20744099999999,Map it,3.91419,0.0,1:39 PM,5836,8/27/18 13:39,0.491535671,0
99,135,,93,8/27/18,NE,Engine Off,0,812,40.781087,"Imlay, NV",-119.20744099999999,Map it,3.91419,0.0,1:41 PM,5836,8/27/18 13:41,0.49170841299999996,0
100,136,,93,8/27/18,NE,Engine Off,0,813,40.781087,"Imlay, NV",-119.20744099999999,Map it,3.91419,0.0,1:41 PM,5836,8/27/18 13:41,0.49170841299999996,0
101,137,,93,8/27/18,NE,Engine Off,0,814,40.781087,"Imlay, NV",-119.20744099999999,Map it,3.91419,0.0,1:47 PM,5836,8/27/18 13:47,0.492226637,0
102,138,,93,8/27/18,NE,Engine Off,0,815,40.781087,"Imlay, NV",-119.20744099999999,Map it,3.91419,0.0,1:48 PM,5836,8/27/18 13:48,0.492313007,0
103,139,,92,8/27/18,NE,Engine Off,0,816,40.781087,"Imlay, NV",-119.20744099999999,Map it,3.91419,0.0,1:48 PM,5836,8/27/18 13:48,0.492313007,0
104,140,,92,8/27/18,NE,Engine Off,0,817,40.781087,"Imlay, NV",-119.20744099999999,Map it,3.91419,0.0,1:49 PM,5836,8/27/18 13:49,0.49239937799999994,0
105,141,,93,8/27/18,NE,Engine Off,0,818,40.781087,"Imlay, NV",-119.20744099999999,Map it,3.91419,0.0,1:52 PM,5836,8/27/18 13:52,0.49265849,0
106,142,,93,8/27/18,NE,Engine Off,0,819,40.781087,"Imlay, NV",-119.20744099999999,Map it,3.91419,0.0,1:52 PM,5836,8/27/18 13:52,0.49265849,0
107,143,,93,8/27/18,NE,Engine Off,0,820,40.781087,"Imlay, NV",-119.20744099999999,Map it,3.91419,0.0,1:53 PM,5836,8/27/18 13:53,0.49274486100000003,0
108,144,,92,8/27/18,NE,Engine Off,0,821,40.781087,"Imlay, NV",-119.20744099999999,Map it,3.91419,0.0,1:54 PM,5836,8/27/18 13:54,0.492831232,0
109,145,,92,8/27/18,NW,Engine Off,0,822,40.78147,,-119.20838300000001,Map it,3.91419,2.67159,1:55 PM,5836,8/27/18 13:55,0.492917602,0
110,146,,92,8/27/18,NW,Engine Off,0,823,40.781973,,-119.20898100000001,Map it,3.97632,2.9201099999999998,1:56 PM,5836,8/27/18 13:56,0.493003973,0
111,147,,92,8/27/18,W,Engine Off,0,824,40.78229,,-119.20966200000001,Map it,4.03845,2.9201099999999998,1:57 PM,5836,8/27/18 13:57,0.49309034399999996,0
112,148,,92,8/27/18,W,Engine Off,0,825,40.782019,,-119.21044599999999,Map it,4.10058,2.4852,1:58 PM,5836,8/27/18 13:58,0.49317671399999996,0
113,149,,92,8/27/18,W,Engine Off,0,826,40.781712,,-119.21122199999999,Map it,4.10058,2.3609400000000003,1:59 PM,5836,8/27/18 13:59,0.493263085,0
114,150,,92,8/27/18,W,Engine Off,0,827,40.781946000000005,"Imlay, NV",-119.21151,Map it,4.16271,0.18639,2:00 PM,5836,8/27/18 14:00,0.493349456,0
115,151,,92,8/27/18,W,Engine Off,0,828,40.781946000000005,"Imlay, NV",-119.21151,Map it,4.16271,0.18639,2:02 PM,5836,8/27/18 14:02,0.49352219700000005,0
116,152,,94,8/27/18,W,Engine Off,0,829,40.781946000000005,"Imlay, NV",-119.21151,Map it,4.16271,0.0,2:02 PM,5836,8/27/18 14:02,0.49352219700000005,0
117,153,,92,8/27/18,W,Engine Off,0,830,40.782066,"Imlay, NV",-119.211325,Map it,4.16271,0.74556,2:03 PM,5836,8/27/18 14:03,0.49360856799999997,0
118,154,,93,8/27/18,W,Engine Off,0,831,40.782066,"Imlay, NV",-119.211325,Map it,4.16271,0.74556,2:03 PM,5836,8/27/18 14:03,0.49360856799999997,0
119,155,,93,8/27/18,W,Engine Off,0,832,40.782066,"Imlay, NV",-119.211325,Map it,4.16271,0.74556,2:05 PM,5836,8/27/18 14:05,0.493781309,0
120,156,,92,8/27/18,W,Engine Off,0,833,40.782066,"Imlay, NV",-119.211325,Map it,4.16271,0.0,2:05 PM,5836,8/27/18 14:05,0.493781309,0
121,157,,93,8/27/18,W,Engine Off,0,834,40.782066,"Imlay, NV",-119.211325,Map it,4.16271,0.0,2:07 PM,5836,8/27/18 14:07,0.493954051,0
122,158,,93,8/27/18,W,Engine Off,0,835,40.782066,"Imlay, NV",-119.211325,Map it,4.16271,0.0,2:08 PM,5836,8/27/18 14:08,0.494040421,0
123,159,,93,8/27/18,W,Engine Off,0,836,40.782066,"Imlay, NV",-119.211325,Map it,4.16271,0.0,2:08 PM,5836,8/27/18 14:08,0.494040421,0
124,160,,92,8/27/18,NE,Engine Off,0,837,40.781938000000004,"Imlay, NV",-119.211523,Map it,4.16271,0.74556,2:09 PM,5836,8/27/18 14:09,0.49412679200000004,0
125,161,,92,8/27/18,NE,Engine Off,0,838,40.781938000000004,"Imlay, NV",-119.211523,Map it,4.16271,0.74556,2:11 PM,5836,8/27/18 14:11,0.494299534,0
126,162,,93,8/27/18,NE,Engine Off,0,839,40.781938000000004,"Imlay, NV",-119.211523,Map it,4.16271,0.74556,2:12 PM,5836,8/27/18 14:12,0.494385904,0
127,163,,93,8/27/18,NE,Engine Off,0,840,40.781938000000004,"Imlay, NV",-119.211523,Map it,4.16271,0.0,2:13 PM,5836,8/27/18 14:13,0.494472275,0
128,164,,92,8/27/18,NE,Engine Off,0,841,40.781938000000004,"Imlay, NV",-119.211523,Map it,4.16271,0.0,2:15 PM,5836,8/27/18 14:15,0.494645016,0
129,165,,92,8/27/18,NE,Engine Off,0,842,40.781938000000004,"Imlay, NV",-119.211523,Map it,4.16271,0.0,2:16 PM,5836,8/27/18 14:16,0.494731387,0
130,166,,92,8/27/18,NE,Engine Off,0,843,40.781938000000004,"Imlay, NV",-119.211523,Map it,4.16271,0.0,2:16 PM,5836,8/27/18 14:16,0.494731387,0
131,167,,93,8/27/18,NE,Engine Off,0,844,40.781938000000004,"Imlay, NV",-119.211523,Map it,4.16271,0.0,2:17 PM,5836,8/27/18 14:17,0.494817758,0
132,168,,93,8/27/18,NE,Engine Off,0,845,40.781938000000004,"Imlay, NV",-119.211523,Map it,4.16271,0.0,2:18 PM,5836,8/27/18 14:18,0.49490412899999997,0
133,169,,93,8/27/18,NE,Engine Off,0,846,40.781938000000004,"Imlay, NV",-119.211523,Map it,4.16271,0.0,2:20 PM,5836,8/27/18 14:20,0.49507687,0
134,170,,93,8/27/18,NE,Engine Off,0,847,40.781938000000004,"Imlay, NV",-119.211523,Map it,4.16271,0.0,2:21 PM,5836,8/27/18 14:21,0.49516324100000003,0
135,171,,93,8/27/18,NE,Engine Off,0,848,40.781938000000004,,-119.211523,Map it,4.16271,0.0,2:28 PM,5836,8/27/18 14:28,0.495767836,0
136,172,,93,8/27/18,NE,Engine Off,0,849,40.781938000000004,,-119.211523,Map it,4.16271,0.0,2:29 PM,5836,8/27/18 14:29,0.495854206,0
137,173,,92,8/27/18,NE,Engine Off,0,850,40.781938000000004,,-119.211523,Map it,4.16271,0.0,2:32 PM,5836,8/27/18 14:32,0.49611331799999997,0
138,174,,92,8/27/18,NE,Engine Off,0,851,40.781938000000004,,-119.211523,Map it,4.16271,0.0,2:32 PM,5836,8/27/18 14:32,0.49611331799999997,0
139,175,,92,8/27/18,NE,Engine Off,0,852,40.781938000000004,,-119.211523,Map it,4.16271,0.0,2:35 PM,5836,8/27/18 14:35,0.49637243,0
140,176,,91,8/27/18,NE,Engine Off,0,853,40.781938000000004,,-119.211523,Map it,4.16271,0.0,2:36 PM,5836,8/27/18 14:36,0.496458801,0
141,177,,92,8/27/18,NE,Engine Off,0,854,40.781938000000004,,-119.211523,Map it,4.16271,0.0,2:37 PM,5836,8/27/18 14:37,0.49654517200000003,0
142,178,,93,8/27/18,NE,Engine Off,0,855,40.781938000000004,,-119.211523,Map it,4.16271,0.0,2:39 PM,5836,8/27/18 14:39,0.49671791299999996,0
143,179,,91,8/27/18,NE,Engine Off,0,856,40.781938000000004,,-119.211523,Map it,4.16271,0.0,2:44 PM,5836,8/27/18 14:44,0.497149767,0
144,180,,93,8/27/18,NE,Engine Off,0,857,40.781938000000004,,-119.211523,Map it,4.16271,0.0,2:45 PM,5836,8/27/18 14:45,0.497236138,1
145,181,,93,8/27/18,NE,Engine Off,0,858,40.781938000000004,,-119.211523,Map it,4.16271,0.0,2:46 PM,5836,8/27/18 14:46,0.497322508,1
146,182,,93,8/27/18,NE,Engine Off,0,859,40.781938000000004,,-119.211523,Map it,4.16271,0.0,2:46 PM,5836,8/27/18 14:46,0.497322508,1
147,183,,92,8/27/18,NE,Engine Off,0,860,40.781938000000004,,-119.211523,Map it,4.16271,0.0,2:47 PM,5836,8/27/18 14:47,0.49740887899999997,1
148,184,,92,8/27/18,E,Engine Off,0,861,40.781641,,-119.211133,Map it,4.22484,6.8343,2:48 PM,5836,8/27/18 14:48,0.49749525,1
149,185,,92,8/27/18,E,Engine Off,0,862,40.781641,,-119.211133,Map it,4.22484,6.8343,2:49 PM,5836,8/27/18 14:49,0.49758162,1
150,186,,92,8/27/18,E,Engine Off,0,863,40.781641,,-119.211133,Map it,4.22484,6.8343,2:50 PM,5836,8/27/18 14:50,0.49766799100000003,1
151,187,,92,8/27/18,E,Engine Off,0,864,40.781641,,-119.211133,Map it,4.22484,6.8343,2:51 PM,5836,8/27/18 14:51,0.497754362,1
152,188,,93,8/27/18,E,Engine Off,0,865,40.781641,,-119.211133,Map it,4.22484,6.8343,2:52 PM,5836,8/27/18 14:52,0.497840732,1
153,189,,93,8/27/18,E,Engine Off,0,866,40.781432,,-119.21109799999999,Map it,4.22484,0.06213,2:53 PM,5836,8/27/18 14:53,0.497927103,1
154,190,,92,8/27/18,E,Engine Off,0,867,40.781432,,-119.21109799999999,Map it,4.22484,0.06213,2:54 PM,5836,8/27/18 14:54,0.498013474,1
155,191,,92,8/27/18,E,Engine Off,0,868,40.781555,,-119.210632,Map it,4.22484,5.8402199999999995,2:55 PM,5836,8/27/18 14:55,0.498099845,1
156,192,,92,8/27/18,E,Engine Off,0,869,40.781639,,-119.20876899999999,Map it,4.3491,4.65975,2:56 PM,5836,8/27/18 14:56,0.498186215,1
157,193,,91,8/27/18,E,Engine Off,0,870,40.78175,,-119.206898,Map it,4.411230000000001,7.579860000000001,2:57 PM,5836,8/27/18 14:57,0.498272586,1
158,194,,91,8/27/18,SE,Engine Off,0,871,40.781275,,-119.20545800000001,Map it,4.53549,4.9704,2:58 PM,5836,8/27/18 14:58,0.49835895700000005,1
159,195,,92,8/27/18,SE,Engine Off,0,872,40.780794,,-119.205467,Map it,4.53549,0.06213,2:59 PM,5836,8/27/18 14:59,0.49844532700000005,1
160,196,,92,8/27/18,SE,Engine Off,0,873,40.780794,,-119.205467,Map it,4.53549,0.06213,3:00 PM,5836,8/27/18 15:00,0.49853169799999997,1
161,197,,92,8/27/18,NE,Engine Off,0,874,40.781806,,-119.20420700000001,Map it,4.65975,6.710039999999999,3:01 PM,5836,8/27/18 15:01,0.498618069,1
162,198,,91,8/27/18,NE,Engine Off,0,875,40.782036,,-119.203976,Map it,4.65975,0.0,3:02 PM,5836,8/27/18 15:02,0.498704439,1
163,199,,91,8/27/18,E,Engine Off,0,876,40.781882,,-119.20363200000001,Map it,4.65975,6.46152,3:03 PM,5836,8/27/18 15:03,0.49879081,1
164,200,,92,8/27/18,E,Engine Off,0,877,40.781911,,-119.201466,Map it,4.784009999999999,6.8964300000000005,3:04 PM,5836,8/27/18 15:04,0.498877181,1
165,201,,92,8/27/18,SE,Engine Off,0,878,40.781024,,-119.199545,Map it,4.90827,8.38755,3:05 PM,5836,8/27/18 15:05,0.49896355200000003,1
166,202,,92,8/27/18,SE,Engine Off,0,879,40.779804999999996,,-119.19786200000001,Map it,5.03253,8.20116,3:06 PM,5836,8/27/18 15:06,0.49904992200000003,1
167,203,,92,8/27/18,SE,Engine Off,0,880,40.778619,,-119.196279,Map it,5.15679,7.64199,3:07 PM,5836,8/27/18 15:07,0.49913629299999995,1
168,204,,91,8/27/18,SE,Engine Off,0,881,40.776158,,-119.19306499999999,Map it,5.34318,8.26329,3:09 PM,5836,8/27/18 15:09,0.499309034,1
169,205,,91,8/27/18,SW,Engine Off,0,882,40.7752,,-119.19338400000001,Map it,5.40531,1.80177,3:10 PM,5836,8/27/18 15:10,0.499395405,1
170,206,,91,8/27/18,S,Engine Off,0,883,40.774996,,-119.19331799999999,Map it,5.40531,2.73372,3:12 PM,5836,8/27/18 15:12,0.499568146,1
171,207,,91,8/27/18,S,Engine Off,0,884,40.774996,,-119.19331799999999,Map it,5.40531,2.73372,3:13 PM,5836,8/27/18 15:13,0.499654517,1
172,208,,91,8/27/18,S,Engine Off,0,885,40.774996,,-119.19331799999999,Map it,5.40531,0.0,3:15 PM,5836,8/27/18 15:15,0.49982725899999997,1
173,209,,90,8/27/18,S,Engine Off,0,886,40.775071000000004,,-119.19331499999998,Map it,5.40531,0.6213,4:09 PM,5836,8/27/18 16:09,0.5044912770000001,1
174,210,,90,8/27/18,S,Engine Off,0,887,40.775071000000004,,-119.19331499999998,Map it,5.40531,0.6213,4:30 PM,5836,8/27/18 16:30,0.5063050610000001,1
175,211,,90,8/27/18,S,Engine Off,0,888,40.775071000000004,,-119.19331499999998,Map it,5.40531,0.0,4:31 PM,5836,8/27/18 16:31,0.506391432,1
176,212,,90,8/27/18,S,Engine Off,0,889,40.775071000000004,,-119.19331499999998,Map it,5.40531,0.0,4:46 PM,5836,8/27/18 16:46,0.507686993,1
177,213,,90,8/27/18,S,Engine Off,0,890,40.775071000000004,,-119.19331499999998,Map it,5.40531,0.0,4:47 PM,5836,8/27/18 16:47,0.507773363,1
178,214,,90,8/27/18,S,Engine Off,0,891,40.775071000000004,,-119.19331499999998,Map it,5.40531,0.0,4:50 PM,5836,8/27/18 16:50,0.508032475,1
179,215,,90,8/27/18,S,Engine Off,0,892,40.775071000000004,,-119.19331499999998,Map it,5.40531,0.0,4:51 PM,5836,8/27/18 16:51,0.508118846,1
180,216,,90,8/27/18,S,Engine Off,0,893,40.774967,,-119.193288,Map it,5.40531,0.0,5:10 PM,5836,8/27/18 17:10,0.509759889,1
181,217,,88,8/27/18,E,Engine Off,0,894,40.774975,,-119.193276,Map it,5.40531,0.68343,6:10 PM,5836,8/27/18 18:10,0.514942132,1
182,218,,89,8/27/18,E,Engine Off,0,895,40.774975,,-119.193276,Map it,5.40531,0.68343,6:12 PM,5836,8/27/18 18:12,0.5151148729999999,1
183,219,,5,8/31/18,E,Engine Off,0,896,40.775068,,-119.193276,Map it,9.443760000000001,0.80769,3:46 PM,5836,8/31/18 15:46,1.0,1
184,220,,89,8/27/18,E,Engine Off,0,897,40.774975,,-119.193276,Map it,5.40531,0.0,6:13 PM,5836,8/27/18 18:13,0.515201244,1
185,221,,89,8/27/18,E,Engine Off,0,898,40.774975,,-119.193276,Map it,5.40531,0.0,6:16 PM,5836,8/27/18 18:16,0.5154603560000001,1
186,222,,89,8/27/18,E,Engine Off,0,899,40.774975,,-119.193276,Map it,5.40531,0.0,6:17 PM,5836,8/27/18 18:17,0.515546727,1
187,223,,89,8/27/18,E,Engine Off,0,900,40.774975,,-119.193276,Map it,5.40531,0.0,6:18 PM,5836,8/27/18 18:18,0.515633097,1
188,224,,89,8/27/18,E,Engine Off,0,901,40.774975,,-119.193276,Map it,5.40531,0.0,6:19 PM,5836,8/27/18 18:19,0.515719468,1
189,225,,88,8/27/18,E,Engine Off,0,902,40.775019,,-119.193329,Map it,5.40531,0.06213,7:10 PM,5836,8/27/18 19:10,0.520124374,1
190,226,,88,8/27/18,E,Engine Off,0,903,40.775019,,-119.193329,Map it,5.40531,0.06213,7:49 PM,5836,8/27/18 19:49,0.523492831,1
191,227,,88,8/27/18,N,Engine Off,0,904,40.774985,,-119.193079,Map it,5.40531,1.05621,7:51 PM,5836,8/27/18 19:51,0.5236655729999999,1
192,228,,88,8/27/18,N,Engine Off,0,905,40.774985,,-119.193079,Map it,5.40531,1.05621,7:55 PM,5836,8/27/18 19:55,0.524011055,1
193,229,,88,8/27/18,N,Engine Off,0,906,40.774985,,-119.193079,Map it,5.40531,0.0,7:55 PM,5836,8/27/18 19:55,0.524011055,1
194,230,,87,8/27/18,N,Engine Off,0,907,40.774985,,-119.193079,Map it,5.40531,0.0,8:01 PM,5836,8/27/18 20:01,0.52452928,1
195,231,,88,8/27/18,N,Engine Off,0,908,40.774985,,-119.193079,Map it,5.40531,0.0,8:02 PM,5836,8/27/18 20:02,0.52461565,1
196,232,,87,8/27/18,NW,Engine Off,0,909,40.776522,,-119.193651,Map it,5.52957,7.64199,8:03 PM,5836,8/27/18 20:03,0.524702021,1
197,233,,87,8/27/18,NW,Engine Off,0,910,40.778074,,-119.195573,Map it,5.71596,8.51181,8:04 PM,5836,8/27/18 20:04,0.524788392,1
198,234,,87,8/27/18,NW,Engine Off,0,911,40.779456,,-119.197345,Map it,5.8402199999999995,8.26329,8:05 PM,5836,8/27/18 20:05,0.524874762,1
199,235,,87,8/27/18,NW,Engine Off,0,912,40.780814,,-119.19916599999999,Map it,5.96448,8.573939999999999,8:06 PM,5836,8/27/18 20:06,0.524961133,1
200,236,,86,8/27/18,W,Engine Off,0,913,40.781476,,-119.201765,Map it,6.0887400000000005,7.95264,8:07 PM,5836,8/27/18 20:07,0.525047504,1
201,237,,87,8/27/18,W,Engine Off,0,914,40.781652,,-119.20454699999999,Map it,6.27513,8.573939999999999,8:08 PM,5836,8/27/18 20:08,0.525133875,1
202,238,,87,8/27/18,W,Engine Off,0,915,40.781976,,-119.207077,Map it,6.39939,8.20116,8:09 PM,5836,8/27/18 20:09,0.525220245,1
203,239,,86,8/27/18,SW,Engine Off,0,916,40.781624,,-119.21261799999999,Map it,6.64791,8.13903,8:11 PM,5836,8/27/18 20:11,0.525392987,1
204,240,,87,8/27/18,S,Engine Off,0,917,40.780947,,-119.214803,Map it,6.77217,9.13311,8:12 PM,5836,8/27/18 20:12,0.525479357,1
205,241,,87,8/27/18,SW,Engine Off,0,918,40.779321,,-119.21592700000001,Map it,6.8964300000000005,8.20116,8:13 PM,5836,8/27/18 20:13,0.525565728,1
206,242,,87,8/27/18,W,Engine Off,0,919,40.777966,,-119.217678,Map it,7.020689999999999,4.286969999999999,8:14 PM,5836,8/27/18 20:14,0.525652099,1
207,243,,86,8/27/18,NW,Engine Off,0,920,40.779283,,-119.219229,Map it,7.14495,8.44968,8:15 PM,5836,8/27/18 20:15,0.52573847,1
208,244,,87,8/27/18,NW,Engine Off,0,921,40.780192,,-119.21985900000001,Map it,7.14495,0.0,8:16 PM,5836,8/27/18 20:16,0.52582484,1
209,245,,87,8/27/18,NW,Engine Off,0,922,40.780192,,-119.21985900000001,Map it,7.14495,0.0,8:17 PM,5836,8/27/18 20:17,0.525911211,1
210,246,,87,8/27/18,NW,Engine Off,0,923,40.780192,,-119.21985900000001,Map it,7.14495,0.0,8:17 PM,5836,8/27/18 20:17,0.525911211,1
211,247,,86,8/27/18,NW,Engine Off,0,924,40.780192,,-119.21985900000001,Map it,7.14495,0.0,8:18 PM,5836,8/27/18 20:18,0.525997582,1
212,248,,86,8/27/18,NW,Engine Off,0,925,40.780192,,-119.21985900000001,Map it,7.14495,0.0,8:20 PM,5836,8/27/18 20:20,0.526170323,1
213,249,,86,8/27/18,NW,Engine Off,0,926,40.780192,,-119.21985900000001,Map it,7.14495,0.0,8:43 PM,5836,8/27/18 20:43,0.528156849,1
214,250,,87,8/27/18,NW,Engine Off,0,927,40.780176000000004,,-119.21949199999999,Map it,7.14495,0.12426,8:44 PM,5836,8/27/18 20:44,0.52824322,1
215,251,,85,8/27/18,NW,Engine Off,0,928,40.780211,,-119.219551,Map it,7.14495,0.06213,9:11 PM,5836,8/27/18 21:11,0.530575229,1
216,252,,86,8/27/18,NW,Engine Off,0,929,40.780211,,-119.219551,Map it,7.14495,0.06213,9:39 PM,5836,8/27/18 21:39,0.532993609,1
217,253,,86,8/27/18,NW,Engine Off,0,930,40.780211,,-119.219551,Map it,7.14495,0.0,9:40 PM,5836,8/27/18 21:40,0.533079979,1
218,254,,86,8/27/18,NW,Engine Off,0,931,40.780211,,-119.219551,Map it,7.14495,0.0,9:41 PM,5836,8/27/18 21:41,0.53316635,1
219,255,,88,8/27/18,NW,Engine Off,0,932,40.780211,,-119.219551,Map it,7.14495,0.0,9:42 PM,5836,8/27/18 21:42,0.533252721,1
220,256,,87,8/27/18,NW,Engine Off,0,933,40.780211,,-119.219551,Map it,7.14495,0.0,9:43 PM,5836,8/27/18 21:43,0.533339091,1
221,257,,87,8/27/18,NW,Engine Off,0,934,40.780211,,-119.219551,Map it,7.14495,0.0,9:44 PM,5836,8/27/18 21:44,0.5334254620000001,1
222,258,,87,8/27/18,NW,Engine Off,0,935,40.780211,,-119.219551,Map it,7.14495,0.0,9:46 PM,5836,8/27/18 21:46,0.5335982029999999,1
223,259,,87,8/27/18,NW,Engine Off,0,936,40.780576,,-119.21990100000001,Map it,7.14495,0.43491,9:47 PM,5836,8/27/18 21:47,0.533684574,1
224,260,,87,8/27/18,NW,Engine Off,0,937,40.780419,,-119.21966100000002,Map it,7.20708,0.68343,9:48 PM,5836,8/27/18 21:48,0.533770945,1
225,261,,86,8/27/18,NW,Engine Off,0,938,40.780419,,-119.21966100000002,Map it,7.20708,0.68343,9:49 PM,5836,8/27/18 21:49,0.533857316,1
226,262,,87,8/27/18,NE,Engine Off,0,939,40.781525,,-119.21774199999999,Map it,7.331339999999999,7.51773,9:50 PM,5836,8/27/18 21:50,0.533943686,1
227,263,,87,8/27/18,E,Engine Off,0,940,40.782348,,-119.215799,Map it,7.4556,7.76625,9:51 PM,5836,8/27/18 21:51,0.5340300570000001,1
228,264,,87,8/27/18,E,Engine Off,0,941,40.783018,,-119.213926,Map it,7.51773,6.46152,9:52 PM,5836,8/27/18 21:52,0.5341164279999999,1
229,265,,86,8/27/18,N,Engine Off,0,942,40.782967,,-119.212629,Map it,7.579860000000001,3.16863,9:53 PM,5836,8/27/18 21:53,0.5342027979999999,1
230,266,,85,8/27/18,N,Engine Off,0,943,40.783276,,-119.21243899999999,Map it,7.579860000000001,0.0,9:54 PM,5836,8/27/18 21:54,0.534289169,1
231,267,,87,8/27/18,E,Engine Off,0,944,40.783384999999996,,-119.21193400000001,Map it,7.64199,6.95856,9:55 PM,5836,8/27/18 21:55,0.53437554,1
232,268,,87,8/27/18,E,Engine Off,0,945,40.783455,,-119.210027,Map it,7.76625,6.39939,9:56 PM,5836,8/27/18 21:56,0.5344619110000001,1
233,269,,86,8/27/18,E,Engine Off,0,946,40.783594,,-119.207812,Map it,7.890510000000001,6.150869999999999,9:57 PM,5836,8/27/18 21:57,0.5345482810000001,1
234,270,,86,8/27/18,E,Engine Off,0,947,40.783587,,-119.20591200000001,Map it,7.95264,6.64791,9:58 PM,5836,8/27/18 21:58,0.534634652,1
235,271,,87,8/27/18,SE,Engine Off,0,948,40.783229,,-119.20374199999999,Map it,8.0769,10.31358,9:59 PM,5836,8/27/18 21:59,0.534721023,1
236,272,,85,8/27/18,SE,Engine Off,0,949,40.783963,,-119.202878,Map it,8.0769,0.74556,10:01 PM,5836,8/27/18 22:01,0.534893764,1
237,273,,85,8/27/18,SE,Engine Off,0,950,40.783963,,-119.202878,Map it,8.13903,0.74556,10:03 PM,5836,8/27/18 22:03,0.535066505,1
238,274,,86,8/27/18,SE,Engine Off,0,951,40.783745,,-119.202703,Map it,8.13903,0.24852,10:04 PM,5836,8/27/18 22:04,0.535152876,1
239,275,,86,8/27/18,E,Engine Off,0,952,40.783802,,-119.201264,Map it,8.26329,7.14495,10:05 PM,5836,8/27/18 22:05,0.535239247,1
240,276,,85,8/27/18,SE,Engine Off,0,953,40.783021000000005,,-119.19921699999999,Map it,8.38755,7.020689999999999,10:06 PM,5836,8/27/18 22:06,0.535325618,1
241,277,,86,8/27/18,NE,Engine Off,0,954,40.783485,,-119.198003,Map it,8.44968,8.88459,10:07 PM,5836,8/27/18 22:07,0.535411988,1
242,278,,86,8/27/18,NE,Engine Off,0,955,40.783958,,-119.197502,Map it,8.44968,0.49704,10:09 PM,5836,8/27/18 22:09,0.53558473,1
243,279,,84,8/27/18,NE,Engine Off,0,956,40.784037,,-119.197498,Map it,8.44968,0.06213,10:11 PM,5836,8/27/18 22:11,0.535757471,1
244,280,,85,8/27/18,NE,Engine Off,0,957,40.784037,,-119.197498,Map it,8.44968,0.06213,10:40 PM,5836,8/27/18 22:40,0.538262221,1
245,281,,85,8/27/18,NE,Engine Off,0,958,40.784037,,-119.197498,Map it,8.44968,0.0,10:42 PM,5836,8/27/18 22:42,0.5384349629999999,1
246,282,,85,8/27/18,NE,Engine Off,0,959,40.784037,,-119.197498,Map it,8.44968,0.0,10:42 PM,5836,8/27/18 22:42,0.5384349629999999,1
247,283,,86,8/27/18,W,Engine Off,0,960,40.784452,,-119.197938,Map it,8.51181,4.9704,10:43 PM,5836,8/27/18 22:43,0.538521334,1
248,284,,86,8/27/18,W,Engine Off,0,961,40.783660999999995,,-119.199831,Map it,8.63607,7.4556,10:44 PM,5836,8/27/18 22:44,0.538607704,1
249,285,,86,8/27/18,W,Engine Off,0,962,40.783541,,-119.200477,Map it,8.63607,0.31065,10:45 PM,5836,8/27/18 22:45,0.538694075,1
250,286,,86,8/27/18,W,Engine Off,0,963,40.783541,,-119.200477,Map it,8.63607,0.31065,10:47 PM,5836,8/27/18 22:47,0.538866816,1
251,287,,86,8/27/18,W,Engine Off,0,964,40.783117,,-119.200162,Map it,8.63607,0.0,10:48 PM,5836,8/27/18 22:48,0.5389531870000001,1
252,288,,85,8/27/18,W,Engine Off,0,965,40.783117,,-119.200162,Map it,8.63607,0.0,10:49 PM,5836,8/27/18 22:49,0.5390395579999999,1
253,289,,85,8/27/18,W,Engine Off,0,966,40.783117,,-119.200162,Map it,8.63607,0.0,10:50 PM,5836,8/27/18 22:50,0.5391259279999999,1
254,290,,85,8/27/18,W,Engine Off,0,967,40.783117,,-119.200162,Map it,8.63607,0.0,10:51 PM,5836,8/27/18 22:51,0.539212299,1
255,291,,84,8/27/18,W,Engine Off,0,968,40.783117,,-119.200162,Map it,8.63607,0.0,10:52 PM,5836,8/27/18 22:52,0.53929867,1
256,292,,84,8/27/18,W,Engine Off,0,969,40.783117,,-119.200162,Map it,8.63607,0.0,10:52 PM,5836,8/27/18 22:52,0.53929867,1
257,293,,86,8/27/18,S,Engine Off,0,970,40.782009,,-119.200138,Map it,8.76033,7.95264,10:53 PM,5836,8/27/18 22:53,0.5393850410000001,1
258,294,,86,8/27/18,SE,Engine Off,0,971,40.780547,,-119.198765,Map it,8.88459,7.890510000000001,10:54 PM,5836,8/27/18 22:54,0.5394714110000001,1
259,295,,85,8/27/18,SE,Engine Off,0,972,40.779271,,-119.197052,Map it,9.00885,6.46152,10:55 PM,5836,8/27/18 22:55,0.539557782,1
260,296,,85,8/27/18,SE,Engine Off,0,973,40.77803,,-119.195426,Map it,9.13311,8.6982,10:56 PM,5836,8/27/18 22:56,0.539644153,1
261,297,,86,8/27/18,SE,Engine Off,0,974,40.777294,,-119.19418600000002,Map it,9.19524,0.06213,10:57 PM,5836,8/27/18 22:57,0.539730523,1
262,298,,86,8/27/18,SE,Engine Off,0,975,40.777294,,-119.19418600000002,Map it,9.19524,0.06213,10:58 PM,5836,8/27/18 22:58,0.539816894,1
263,299,,85,8/27/18,SE,Engine Off,0,976,40.776092,,-119.19283899999999,Map it,9.3195,7.64199,10:59 PM,5836,8/27/18 22:59,0.539903265,1
264,300,,85,8/27/18,W,Engine Off,0,977,40.775374,,-119.192799,Map it,9.38163,0.55917,11:00 PM,5836,8/27/18 23:00,0.539989636,1
265,301,,85,8/27/18,W,Engine Off,0,978,40.775374,,-119.192799,Map it,9.38163,0.55917,11:01 PM,5836,8/27/18 23:01,0.540076006,1
266,302,,84,8/27/18,SW,Engine Off,0,979,40.775174,,-119.193059,Map it,9.38163,3.2928900000000003,11:02 PM,5836,8/27/18 23:02,0.540162377,1
267,303,,85,8/27/18,SW,Engine Off,0,980,40.774993,,-119.19334099999999,Map it,9.443760000000001,0.12426,11:03 PM,5836,8/27/18 23:03,0.540248748,1
268,304,,84,8/27/18,SW,Engine Off,0,981,40.774977,,-119.19330500000001,Map it,9.443760000000001,0.0,11:11 PM,5836,8/27/18 23:11,0.540939713,1
269,305,,84,8/27/18,SW,Engine Off,0,982,40.774977,,-119.19330500000001,Map it,9.443760000000001,0.0,11:13 PM,5836,8/27/18 23:13,0.541112455,1
270,306,,84,8/27/18,SW,Engine Off,0,983,40.774977,,-119.19330500000001,Map it,9.443760000000001,0.0,11:13 PM,5836,8/27/18 23:13,0.541112455,1
271,307,,83,8/28/18,SW,Engine Off,0,984,40.774923,,-119.193251,Map it,9.443760000000001,0.06213,12:12 AM,5836,8/28/18 0:12,0.546208326,1
272,308,,82,8/28/18,SW,Engine Off,0,985,40.774951,,-119.193265,Map it,9.443760000000001,0.0,1:12 AM,5836,8/28/18 1:12,0.551390568,1
273,309,,82,8/28/18,SW,Engine Off,0,986,40.774951,,-119.193265,Map it,9.443760000000001,0.0,1:43 AM,5836,8/28/18 1:43,0.55406806,1
274,310,,82,8/28/18,SW,Engine Off,0,987,40.774951,,-119.193265,Map it,9.443760000000001,0.0,1:43 AM,5836,8/28/18 1:43,0.55406806,1
275,311,,82,8/28/18,SW,Engine Off,0,988,40.774951,,-119.193265,Map it,9.443760000000001,0.0,2:00 AM,5836,8/28/18 2:00,0.555536362,1
276,312,,82,8/28/18,SW,Engine Off,0,989,40.774951,,-119.193265,Map it,9.443760000000001,0.0,2:00 AM,5836,8/28/18 2:00,0.555536362,1
277,313,,82,8/28/18,SW,Engine Off,0,990,40.774951,,-119.193265,Map it,9.443760000000001,0.0,2:02 AM,5836,8/28/18 2:02,0.555709103,1
278,314,,82,8/28/18,SW,Engine Off,0,991,40.774951,,-119.193265,Map it,9.443760000000001,0.0,2:03 AM,5836,8/28/18 2:03,0.555795474,1
279,315,,82,8/28/18,E,Engine Off,0,992,40.77503,,-119.193048,Map it,9.443760000000001,1.1804700000000001,2:12 AM,5836,8/28/18 2:12,0.556572811,1
280,316,,81,8/28/18,E,Engine Off,0,993,40.774983,,-119.19331299999999,Map it,9.443760000000001,0.0,3:13 AM,5836,8/28/18 3:13,0.561841423,1
281,317,,81,8/28/18,E,Engine Off,0,994,40.774983,,-119.19331299999999,Map it,9.443760000000001,0.0,4:09 AM,5836,8/28/18 4:09,0.566678183,1
282,318,,81,8/28/18,E,Engine Off,0,995,40.774983,,-119.19331299999999,Map it,9.443760000000001,0.0,4:09 AM,5836,8/28/18 4:09,0.566678183,1
283,319,,81,8/28/18,E,Engine Off,0,996,40.774983,,-119.19331299999999,Map it,9.443760000000001,0.0,4:11 AM,5836,8/28/18 4:11,0.566850924,1
284,320,,81,8/28/18,E,Engine Off,0,997,40.774983,,-119.19331299999999,Map it,9.443760000000001,0.0,4:12 AM,5836,8/28/18 4:12,0.566937295,1
285,321,,80,8/28/18,E,Engine Off,0,998,40.77502,,-119.193306,Map it,9.443760000000001,0.0,4:13 AM,5836,8/28/18 4:13,0.567023666,1
286,322,,80,8/28/18,E,Engine Off,0,999,40.77502,,-119.193306,Map it,9.443760000000001,0.0,4:13 AM,5836,8/28/18 4:13,0.567023666,1
287,323,,80,8/28/18,E,Engine Off,0,1000,40.77502,,-119.193306,Map it,9.443760000000001,0.0,4:15 AM,5836,8/28/18 4:15,0.5671964070000001,1
288,324,,81,8/28/18,E,Engine Off,0,1001,40.77502,,-119.193306,Map it,9.443760000000001,0.0,4:15 AM,5836,8/28/18 4:15,0.5671964070000001,1
289,325,,78,8/28/18,E,Engine Off,0,1002,40.774972999999996,,-119.19331499999998,Map it,9.443760000000001,0.06213,5:14 AM,5836,8/28/18 5:14,0.5722922779999999,1
290,326,,76,8/28/18,E,Engine Off,0,1003,40.774991,,-119.19339599999999,Map it,9.443760000000001,0.0,6:14 AM,5836,8/28/18 6:14,0.577474521,1
291,327,,75,8/28/18,E,Engine Off,0,1004,40.774985,,-119.193348,Map it,9.443760000000001,0.0,7:15 AM,5836,8/28/18 7:15,0.582743134,1
292,328,,73,8/28/18,E,Engine Off,0,1005,40.774954,,-119.193306,Map it,9.443760000000001,0.0,8:15 AM,5836,8/28/18 8:15,0.587925376,1
293,329,,74,8/28/18,E,Engine Off,0,1006,40.774954,,-119.193306,Map it,9.443760000000001,0.0,8:49 AM,5836,8/28/18 8:49,0.59086198,1
294,330,,74,8/28/18,E,Engine Off,0,1007,40.774954,,-119.193306,Map it,9.443760000000001,0.0,8:49 AM,5836,8/28/18 8:49,0.59086198,1
295,331,,74,8/28/18,E,Engine Off,0,1008,40.774954,,-119.193306,Map it,9.443760000000001,0.0,8:50 AM,5836,8/28/18 8:50,0.59094835,1
296,332,,74,8/28/18,E,Engine Off,0,1009,40.774954,,-119.193306,Map it,9.443760000000001,0.0,8:55 AM,5836,8/28/18 8:55,0.591380204,1
297,333,,74,8/28/18,E,Engine Off,0,1010,40.774954,,-119.193306,Map it,9.443760000000001,0.0,8:55 AM,5836,8/28/18 8:55,0.591380204,1
298,334,,74,8/28/18,E,Engine Off,0,1011,40.774954,,-119.193306,Map it,9.443760000000001,0.0,8:56 AM,5836,8/28/18 8:56,0.591466575,1
299,335,,75,8/28/18,E,Engine Off,0,1012,40.774954,,-119.193306,Map it,9.443760000000001,0.0,8:56 AM,5836,8/28/18 8:56,0.591466575,1
300,336,,73,8/28/18,E,Engine Off,0,1013,40.775008,,-119.193197,Map it,9.443760000000001,0.06213,9:15 AM,5836,8/28/18 9:15,0.593107618,1
301,337,,73,8/28/18,E,Engine Off,0,1014,40.775016,,-119.19381499999999,Map it,9.443760000000001,1.42899,10:15 AM,5836,8/28/18 10:15,0.59828986,1
302,338,,72,8/28/18,E,Engine Off,0,1015,40.774972999999996,,-119.19330900000001,Map it,9.443760000000001,0.0,11:16 AM,5836,8/28/18 11:16,0.603558473,1
303,339,,72,8/28/18,E,Engine Off,0,1016,40.774972,,-119.193306,Map it,9.443760000000001,0.0,12:16 PM,5836,8/28/18 12:16,0.608740715,1
304,340,,70,8/28/18,E,Engine Off,0,1017,40.774992,,-119.19331299999999,Map it,9.443760000000001,0.0,1:17 PM,5836,8/28/18 13:17,0.614009328,1
305,341,,71,8/28/18,E,Engine Off,0,1018,40.774992,,-119.19331299999999,Map it,9.443760000000001,0.0,2:00 PM,5836,8/28/18 14:00,0.617723268,1
306,342,,71,8/28/18,E,Engine Off,0,1019,40.774992,,-119.19331299999999,Map it,9.443760000000001,0.0,2:00 PM,5836,8/28/18 14:00,0.617723268,1
307,343,,71,8/28/18,E,Engine Off,0,1020,40.774992,,-119.19331299999999,Map it,9.443760000000001,0.0,2:00 PM,5836,8/28/18 14:00,0.617723268,1
308,344,,71,8/28/18,E,Engine Off,0,1021,40.774992,,-119.19331299999999,Map it,9.443760000000001,0.0,2:01 PM,5836,8/28/18 14:01,0.617809639,1
309,345,,71,8/28/18,E,Engine Off,0,1022,40.774992,,-119.19331299999999,Map it,9.443760000000001,0.0,2:07 PM,5836,8/28/18 14:07,0.618327863,1
310,346,,71,8/28/18,E,Engine Off,0,1023,40.774992,,-119.19331299999999,Map it,9.443760000000001,0.0,2:07 PM,5836,8/28/18 14:07,0.618327863,1
311,347,,71,8/28/18,E,Engine Off,0,1024,40.774992,,-119.19331299999999,Map it,9.443760000000001,0.0,2:08 PM,5836,8/28/18 14:08,0.618414234,1
312,348,,71,8/28/18,E,Engine Off,0,1025,40.774992,,-119.19331299999999,Map it,9.443760000000001,0.0,2:09 PM,5836,8/28/18 14:09,0.618500605,1
313,349,,70,8/28/18,E,Engine Off,0,1026,40.774992,,-119.19331299999999,Map it,9.443760000000001,0.0,2:10 PM,5836,8/28/18 14:10,0.618586975,1
314,350,,73,8/28/18,E,Engine Off,0,1027,40.774992,,-119.19331299999999,Map it,9.443760000000001,0.0,2:11 PM,5836,8/28/18 14:11,0.618673346,1
315,351,,70,8/28/18,E,Engine Off,0,1028,40.774992,,-119.19331299999999,Map it,9.443760000000001,0.0,2:11 PM,5836,8/28/18 14:11,0.618673346,1
316,352,,72,8/28/18,E,Engine Off,0,1029,40.774992,,-119.19331299999999,Map it,9.443760000000001,0.0,2:12 PM,5836,8/28/18 14:12,0.618759717,1
317,353,,72,8/28/18,E,Engine Off,0,1030,40.774992,,-119.19331299999999,Map it,9.443760000000001,0.0,2:13 PM,5836,8/28/18 14:13,0.618846087,1
318,354,,70,8/28/18,E,Engine Off,0,1031,40.774969,,-119.193299,Map it,9.443760000000001,0.06213,2:17 PM,5836,8/28/18 14:17,0.61919157,1
319,355,,69,8/28/18,E,Engine Off,0,1032,40.774997,,-119.19337,Map it,9.443760000000001,0.0,3:18 PM,5836,8/28/18 15:18,0.624460183,1
320,356,,69,8/28/18,E,Engine Off,0,1033,40.775046,,-119.19331399999999,Map it,9.443760000000001,0.06213,4:18 PM,5836,8/28/18 16:18,0.629642425,1
321,357,,68,8/28/18,E,Engine Off,0,1034,40.775046,,-119.19331399999999,Map it,9.443760000000001,0.0,5:05 PM,5836,8/28/18 17:05,0.633701848,1
322,358,,70,8/28/18,E,Engine Off,0,1035,40.775046,,-119.19331399999999,Map it,9.443760000000001,0.0,5:06 PM,5836,8/28/18 17:06,0.6337882189999999,1
323,359,,70,8/28/18,E,Engine Off,0,1036,40.775046,,-119.19331399999999,Map it,9.443760000000001,0.0,5:06 PM,5836,8/28/18 17:06,0.6337882189999999,1
324,360,,70,8/28/18,E,Engine Off,0,1037,40.775046,,-119.19331399999999,Map it,9.443760000000001,0.0,5:07 PM,5836,8/28/18 17:07,0.63387459,1
325,361,,68,8/28/18,E,Engine Off,0,1038,40.775046,,-119.19331399999999,Map it,9.443760000000001,0.0,5:08 PM,5836,8/28/18 17:08,0.63396096,1
326,362,,67,8/28/18,E,Engine Off,0,1039,40.774982,,-119.193265,Map it,9.443760000000001,0.0,5:18 PM,5836,8/28/18 17:18,0.6348246670000001,1
327,363,,68,8/28/18,E,Engine Off,0,1040,40.774982,,-119.193265,Map it,9.443760000000001,0.0,5:49 PM,5836,8/28/18 17:49,0.637502159,1
328,364,,68,8/28/18,E,Engine Off,0,1041,40.774982,,-119.193265,Map it,9.443760000000001,0.0,5:49 PM,5836,8/28/18 17:49,0.637502159,1
329,365,,68,8/28/18,E,Engine Off,0,1042,40.774982,,-119.193265,Map it,9.443760000000001,0.0,5:54 PM,5836,8/28/18 17:54,0.637934013,1
330,366,,68,8/28/18,E,Engine Off,0,1043,40.774982,,-119.193265,Map it,9.443760000000001,0.0,5:54 PM,5836,8/28/18 17:54,0.637934013,1
331,367,,68,8/28/18,E,Engine Off,0,1044,40.774982,,-119.193265,Map it,9.443760000000001,0.0,6:12 PM,5836,8/28/18 18:12,0.639488685,1
332,368,,68,8/28/18,E,Engine Off,0,1045,40.774982,,-119.193265,Map it,9.443760000000001,0.0,6:13 PM,5836,8/28/18 18:13,0.639575056,1
333,369,,68,8/28/18,E,Engine Off,0,1046,40.774982,,-119.193265,Map it,9.443760000000001,0.0,6:13 PM,5836,8/28/18 18:13,0.639575056,1
334,370,,68,8/28/18,E,Engine Off,0,1047,40.774982,,-119.193265,Map it,9.443760000000001,0.0,6:14 PM,5836,8/28/18 18:14,0.6396614270000001,1
335,371,,67,8/28/18,E,Engine Off,0,1048,40.775017,,-119.193322,Map it,9.443760000000001,0.0,6:18 PM,5836,8/28/18 18:18,0.64000691,1
336,372,,66,8/28/18,S,Engine Off,0,1049,40.774954,,-119.193325,Map it,9.443760000000001,1.2426,7:19 PM,5836,8/28/18 19:19,0.645275523,1
337,373,,66,8/28/18,S,Engine Off,0,1050,40.774954,,-119.193325,Map it,9.443760000000001,1.2426,7:41 PM,5836,8/28/18 19:41,0.647175678,1
338,374,,66,8/28/18,S,Engine Off,0,1051,40.774954,,-119.193325,Map it,9.443760000000001,0.0,7:41 PM,5836,8/28/18 19:41,0.647175678,1
339,375,,66,8/28/18,S,Engine Off,0,1052,40.774954,,-119.193325,Map it,9.443760000000001,0.0,7:48 PM,5836,8/28/18 19:48,0.647780273,1
340,376,,66,8/28/18,S,Engine Off,0,1053,40.774954,,-119.193325,Map it,9.443760000000001,0.0,7:49 PM,5836,8/28/18 19:49,0.6478666439999999,1
341,377,,65,8/28/18,S,Engine Off,0,1054,40.774984,,-119.19328,Map it,9.443760000000001,0.06213,8:19 PM,5836,8/28/18 20:19,0.650457765,1
342,378,,63,8/28/18,S,Engine Off,0,1055,40.774988,,-119.19332800000001,Map it,9.443760000000001,0.0,9:20 PM,5836,8/28/18 21:20,0.655726378,1
343,379,,62,8/28/18,S,Engine Off,0,1056,40.775026000000004,,-119.193381,Map it,9.443760000000001,0.0,10:20 PM,5836,8/28/18 22:20,0.66090862,1
344,380,,61,8/28/18,S,Engine Off,0,1057,40.775017999999996,,-119.19333799999998,Map it,9.443760000000001,0.0,11:21 PM,5836,8/28/18 23:21,0.666177233,1
345,381,,59,8/29/18,S,Engine Off,0,1058,40.774977,,-119.193226,Map it,9.443760000000001,0.0,12:21 AM,5836,8/29/18 0:21,0.671359475,1
346,382,,59,8/29/18,N,Engine Off,0,1059,40.774943,,-119.193468,Map it,9.443760000000001,0.99408,1:21 AM,5836,8/29/18 1:21,0.676541717,1
347,383,,57,8/29/18,N,Engine Off,0,1060,40.774969,,-119.193174,Map it,9.443760000000001,0.43491,2:22 AM,5836,8/29/18 2:22,0.68181033,1
348,384,,56,8/29/18,N,Engine Off,0,1061,40.775012,,-119.193354,Map it,9.443760000000001,0.0,3:22 AM,5836,8/29/18 3:22,0.6869925720000001,1
349,385,,56,8/29/18,N,Engine Off,0,1062,40.775009000000004,,-119.193348,Map it,9.443760000000001,0.0,4:23 AM,5836,8/29/18 4:23,0.692261185,1
350,386,,56,8/29/18,N,Engine Off,0,1063,40.775011,,-119.19326799999999,Map it,9.443760000000001,0.06213,5:23 AM,5836,8/29/18 5:23,0.6974434270000001,1
351,387,,56,8/29/18,N,Engine Off,0,1064,40.775011,,-119.19326799999999,Map it,9.443760000000001,0.06213,5:35 AM,5836,8/29/18 5:35,0.6984798759999999,1
352,388,,56,8/29/18,N,Engine Off,0,1065,40.775011,,-119.19326799999999,Map it,9.443760000000001,0.0,5:36 AM,5836,8/29/18 5:36,0.698566246,1
353,389,,56,8/29/18,N,Engine Off,0,1066,40.775011,,-119.19326799999999,Map it,9.443760000000001,0.0,5:38 AM,5836,8/29/18 5:38,0.698738988,1
354,390,,56,8/29/18,N,Engine Off,0,1067,40.775011,,-119.19326799999999,Map it,9.443760000000001,0.0,5:38 AM,5836,8/29/18 5:38,0.698738988,1
355,391,,58,8/29/18,N,Engine Off,0,1068,40.775011,,-119.19326799999999,Map it,9.443760000000001,0.0,5:41 AM,5836,8/29/18 5:41,0.6989981,1
356,392,,58,8/29/18,N,Engine Off,0,1069,40.775011,,-119.19326799999999,Map it,9.443760000000001,0.0,5:42 AM,5836,8/29/18 5:42,0.6990844709999999,1
357,393,,58,8/29/18,N,Engine Off,0,1070,40.775011,,-119.19326799999999,Map it,9.443760000000001,0.0,5:44 AM,5836,8/29/18 5:44,0.699257212,1
358,394,,58,8/29/18,N,Engine Off,0,1071,40.775011,,-119.19326799999999,Map it,9.443760000000001,0.0,5:45 AM,5836,8/29/18 5:45,0.699343583,1
359,395,,60,8/29/18,N,Engine Off,0,1072,40.775011,,-119.19326799999999,Map it,9.443760000000001,0.0,5:45 AM,5836,8/29/18 5:45,0.699343583,1
360,396,,58,8/29/18,N,Engine Off,0,1073,40.775011,,-119.19326799999999,Map it,9.443760000000001,0.0,5:46 AM,5836,8/29/18 5:46,0.699429953,1
361,397,,54,8/29/18,N,Engine Off,0,1074,40.774988,,-119.193347,Map it,9.443760000000001,0.0,6:23 AM,5836,8/29/18 6:23,0.702625669,1
362,398,,53,8/29/18,N,Engine Off,0,1075,40.775033,,-119.19331799999999,Map it,9.443760000000001,0.0,7:24 AM,5836,8/29/18 7:24,0.707894282,1
363,399,,53,8/29/18,N,Engine Off,0,1076,40.775021,,-119.19334099999999,Map it,9.443760000000001,0.0,8:24 AM,5836,8/29/18 8:24,0.7130765240000001,1
364,400,,53,8/29/18,N,Engine Off,0,1077,40.77507,,-119.19340700000001,Map it,9.443760000000001,0.06213,9:25 AM,5836,8/29/18 9:25,0.718345137,1
365,401,,52,8/29/18,N,Engine Off,0,1078,40.77494,,-119.19328600000001,Map it,9.443760000000001,0.06213,10:25 AM,5836,8/29/18 10:25,0.72352738,1
366,402,,51,8/29/18,N,Engine Off,0,1079,40.774998,,-119.19329099999999,Map it,9.443760000000001,0.0,11:26 AM,5836,8/29/18 11:26,0.728795992,1
367,403,,51,8/29/18,N,Engine Off,0,1080,40.775021,,-119.19333,Map it,9.443760000000001,0.0,12:26 PM,5836,8/29/18 12:26,0.733978235,1
368,404,,51,8/29/18,SE,Engine Off,0,1081,40.775102000000004,,-119.19350700000001,Map it,9.443760000000001,2.17455,1:26 PM,5836,8/29/18 13:26,0.739160477,1
369,405,,51,8/29/18,SE,Engine Off,0,1082,40.775,,-119.19334199999999,Map it,9.443760000000001,0.0,2:27 PM,5836,8/29/18 14:27,0.74442909,1
370,406,,51,8/29/18,SE,Engine Off,0,1083,40.775,,-119.19334199999999,Map it,9.443760000000001,0.0,3:23 PM,5836,8/29/18 15:23,0.749265849,1
371,407,,51,8/29/18,SE,Engine Off,0,1084,40.775,,-119.19334199999999,Map it,9.443760000000001,0.0,3:24 PM,5836,8/29/18 15:24,0.74935222,1
372,408,,51,8/29/18,SE,Engine Off,0,1085,40.775,,-119.19334199999999,Map it,9.443760000000001,0.0,3:25 PM,5836,8/29/18 15:25,0.74943859,1
373,409,,50,8/29/18,SE,Engine Off,0,1086,40.774981,,-119.193247,Map it,9.443760000000001,0.0,3:27 PM,5836,8/29/18 15:27,0.7496113320000001,1
374,410,,51,8/29/18,SE,Engine Off,0,1087,40.774981,,-119.193247,Map it,9.443760000000001,0.0,3:39 PM,5836,8/29/18 15:39,0.75064778,1
375,411,,52,8/29/18,SE,Engine Off,0,1088,40.774981,,-119.193247,Map it,9.443760000000001,0.0,3:39 PM,5836,8/29/18 15:39,0.75064778,1
376,412,,53,8/29/18,SE,Engine Off,0,1089,40.774981,,-119.193247,Map it,9.443760000000001,0.0,3:40 PM,5836,8/29/18 15:40,0.750734151,1
377,413,,53,8/29/18,SE,Engine Off,0,1090,40.774981,,-119.193247,Map it,9.443760000000001,0.0,3:40 PM,5836,8/29/18 15:40,0.750734151,1
378,414,,51,8/29/18,SE,Engine Off,0,1091,40.774981,,-119.193247,Map it,9.443760000000001,0.0,3:42 PM,5836,8/29/18 15:42,0.750906892,1
379,415,,50,8/29/18,SE,Engine Off,0,1092,40.774981,,-119.193247,Map it,9.443760000000001,0.0,3:43 PM,5836,8/29/18 15:43,0.750993263,1
380,416,,51,8/29/18,SE,Engine Off,0,1093,40.774981,,-119.193247,Map it,9.443760000000001,0.0,3:45 PM,5836,8/29/18 15:45,0.7511660040000001,1
381,417,,52,8/29/18,SE,Engine Off,0,1094,40.774981,,-119.193247,Map it,9.443760000000001,0.0,3:46 PM,5836,8/29/18 15:46,0.751252375,1
382,418,,53,8/29/18,SE,Engine Off,0,1095,40.774981,,-119.193247,Map it,9.443760000000001,0.0,3:46 PM,5836,8/29/18 15:46,0.751252375,1
383,419,,53,8/29/18,SE,Engine Off,0,1096,40.774981,,-119.193247,Map it,9.443760000000001,0.0,3:47 PM,5836,8/29/18 15:47,0.751338746,1
384,420,,53,8/29/18,SE,Engine Off,0,1097,40.774981,,-119.193247,Map it,9.443760000000001,0.0,3:48 PM,5836,8/29/18 15:48,0.751425117,1
385,421,,53,8/29/18,SE,Engine Off,0,1098,40.774981,,-119.193247,Map it,9.443760000000001,0.0,3:49 PM,5836,8/29/18 15:49,0.751511487,1
386,422,,52,8/29/18,SE,Engine Off,0,1099,40.774981,,-119.193247,Map it,9.443760000000001,0.0,3:52 PM,5836,8/29/18 15:52,0.7517705990000001,1
387,423,,52,8/29/18,SE,Engine Off,0,1100,40.774981,,-119.193247,Map it,9.443760000000001,0.0,3:53 PM,5836,8/29/18 15:53,0.75185697,1
388,424,,50,8/29/18,SE,Engine Off,0,1101,40.77499,,-119.19334099999999,Map it,9.443760000000001,0.0,4:27 PM,5836,8/29/18 16:27,0.754793574,1
389,425,,50,8/29/18,SE,Engine Off,0,1102,40.774992,,-119.19333,Map it,9.443760000000001,0.0,5:28 PM,5836,8/29/18 17:28,0.7600621870000001,1
390,426,,49,8/29/18,SE,Engine Off,0,1103,40.775009999999995,,-119.19333200000001,Map it,9.443760000000001,0.06213,6:28 PM,5836,8/29/18 18:28,0.7652444290000001,1
391,427,,48,8/29/18,SE,Engine Off,0,1104,40.774986,,-119.193321,Map it,9.443760000000001,0.0,7:29 PM,5836,8/29/18 19:29,0.770513042,1
392,428,,48,8/29/18,SE,Engine Off,0,1105,40.775040999999995,,-119.19334599999999,Map it,9.443760000000001,0.0,8:29 PM,5836,8/29/18 20:29,0.7756952840000001,1
393,429,,50,8/29/18,SE,Engine Off,0,1106,40.775040999999995,,-119.19334599999999,Map it,9.443760000000001,0.0,9:01 PM,5836,8/29/18 21:01,0.7784591470000001,1
394,430,,50,8/29/18,SE,Engine Off,0,1107,40.775040999999995,,-119.19334599999999,Map it,9.443760000000001,0.0,9:01 PM,5836,8/29/18 21:01,0.7784591470000001,1
395,431,,49,8/29/18,SE,Engine Off,0,1108,40.775040999999995,,-119.19334599999999,Map it,9.443760000000001,0.0,9:02 PM,5836,8/29/18 21:02,0.7785455170000001,1
396,432,,49,8/29/18,SE,Engine Off,0,1109,40.775040999999995,,-119.19334599999999,Map it,9.443760000000001,0.0,9:02 PM,5836,8/29/18 21:02,0.7785455170000001,1
397,433,,52,8/29/18,SE,Engine Off,0,1110,40.775040999999995,,-119.19334599999999,Map it,9.443760000000001,0.0,9:03 PM,5836,8/29/18 21:03,0.7786318879999999,1
398,434,,52,8/29/18,SE,Engine Off,0,1111,40.775040999999995,,-119.19334599999999,Map it,9.443760000000001,0.0,9:03 PM,5836,8/29/18 21:03,0.7786318879999999,1
399,435,,52,8/29/18,SE,Engine Off,0,1112,40.775040999999995,,-119.19334599999999,Map it,9.443760000000001,0.0,9:13 PM,5836,8/29/18 21:13,0.779495595,1
400,436,,48,8/29/18,SE,Engine Off,0,1113,40.775040999999995,,-119.19334599999999,Map it,9.443760000000001,0.0,9:14 PM,5836,8/29/18 21:14,0.779581966,1
401,437,,48,8/29/18,SE,Engine Off,0,1114,40.775040999999995,,-119.19334599999999,Map it,9.443760000000001,0.0,9:15 PM,5836,8/29/18 21:15,0.779668337,1
402,438,,52,8/29/18,SE,Engine Off,0,1115,40.775040999999995,,-119.19334599999999,Map it,9.443760000000001,0.0,9:15 PM,5836,8/29/18 21:15,0.779668337,1
403,439,,51,8/29/18,SE,Engine Off,0,1116,40.775040999999995,,-119.19334599999999,Map it,9.443760000000001,0.0,9:16 PM,5836,8/29/18 21:16,0.779754707,1
404,440,,51,8/29/18,SE,Engine Off,0,1117,40.775040999999995,,-119.19334599999999,Map it,9.443760000000001,0.0,9:17 PM,5836,8/29/18 21:17,0.779841078,1
405,441,,47,8/29/18,SE,Engine Off,0,1118,40.774971,,-119.19321799999999,Map it,9.443760000000001,0.12426,9:29 PM,5836,8/29/18 21:29,0.7808775259999999,1
406,442,,49,8/29/18,SE,Engine Off,0,1119,40.774971,,-119.19321799999999,Map it,9.443760000000001,0.12426,9:45 PM,5836,8/29/18 21:45,0.782259458,1
407,443,,48,8/29/18,SE,Engine Off,0,1120,40.774971,,-119.19321799999999,Map it,9.443760000000001,0.0,9:46 PM,5836,8/29/18 21:46,0.782345828,1
408,444,,47,8/29/18,SE,Engine Off,0,1121,40.77511,,-119.19348600000001,Map it,9.443760000000001,0.0,10:29 PM,5836,8/29/18 22:29,0.7860597690000001,1
409,445,,46,8/29/18,SE,Engine Off,0,1122,40.775003000000005,,-119.19330500000001,Map it,9.443760000000001,0.0,11:30 PM,5836,8/29/18 23:30,0.7913283809999999,1
410,446,,47,8/30/18,SE,Engine Off,0,1123,40.774957,,-119.19319399999999,Map it,9.443760000000001,0.06213,12:30 AM,5836,8/30/18 0:30,0.7965106240000001,1
411,447,,46,8/30/18,SE,Engine Off,0,1124,40.77499,,-119.193274,Map it,9.443760000000001,0.0,1:31 AM,5836,8/30/18 1:31,0.8017792359999999,1
412,448,,47,8/30/18,SE,Engine Off,0,1125,40.77499,,-119.193274,Map it,9.443760000000001,0.0,1:38 AM,5836,8/30/18 1:38,0.802383831,1
413,449,,47,8/30/18,SE,Engine Off,0,1126,40.77499,,-119.193274,Map it,9.443760000000001,0.0,1:38 AM,5836,8/30/18 1:38,0.802383831,1
414,450,,46,8/30/18,SE,Engine Off,0,1127,40.775009999999995,,-119.19328200000001,Map it,9.443760000000001,0.0,2:31 AM,5836,8/30/18 2:31,0.806961479,1
415,451,,45,8/30/18,SE,Engine Off,0,1128,40.775005,,-119.193277,Map it,9.443760000000001,0.06213,3:32 AM,5836,8/30/18 3:32,0.8122300920000001,1
416,452,,44,8/30/18,SE,Engine Off,0,1129,40.774961,,-119.193256,Map it,9.443760000000001,0.0,4:32 AM,5836,8/30/18 4:32,0.817412334,1
417,453,,45,8/30/18,SE,Engine Off,0,1130,40.774999,,-119.193299,Map it,9.443760000000001,0.0,5:33 AM,5836,8/30/18 5:33,0.822680947,1
418,454,,46,8/30/18,S,Engine Off,0,1131,40.775028000000006,,-119.193317,Map it,9.443760000000001,1.2426,6:33 AM,5836,8/30/18 6:33,0.8278631890000001,1
419,455,,43,8/30/18,S,Engine Off,0,1132,40.775040999999995,,-119.193172,Map it,9.443760000000001,0.0,7:34 AM,5836,8/30/18 7:34,0.833131802,1
420,456,,43,8/30/18,S,Engine Off,0,1133,40.774965,,-119.193205,Map it,9.443760000000001,0.0,8:34 AM,5836,8/30/18 8:34,0.8383140440000001,1
421,457,,42,8/30/18,S,Engine Off,0,1134,40.775034999999995,,-119.19333,Map it,9.443760000000001,0.18639,9:34 AM,5836,8/30/18 9:34,0.8434962859999999,1
422,458,,44,8/30/18,S,Engine Off,0,1135,40.775034999999995,,-119.19333,Map it,9.443760000000001,0.18639,9:50 AM,5836,8/30/18 9:50,0.844878217,1
423,459,,44,8/30/18,S,Engine Off,0,1136,40.775034999999995,,-119.19333,Map it,9.443760000000001,0.0,9:51 AM,5836,8/30/18 9:51,0.844964588,1
424,460,,43,8/30/18,S,Engine Off,0,1137,40.775034999999995,,-119.19333,Map it,9.443760000000001,0.0,10:28 AM,5836,8/30/18 10:28,0.8481603040000001,1
425,461,,43,8/30/18,S,Engine Off,0,1138,40.775034999999995,,-119.19333,Map it,9.443760000000001,0.0,10:29 AM,5836,8/30/18 10:29,0.848246675,1
426,462,,41,8/30/18,S,Engine Off,0,1139,40.775026000000004,,-119.193292,Map it,9.443760000000001,0.06213,10:34 AM,5836,8/30/18 10:34,0.848678528,1
427,463,,40,8/30/18,S,Engine Off,0,1140,40.775005,,-119.19331100000001,Map it,9.443760000000001,0.0,11:35 AM,5836,8/30/18 11:35,0.8539471409999999,1
428,464,,40,8/30/18,S,Engine Off,0,1141,40.775017,,-119.193275,Map it,9.443760000000001,0.0,12:35 PM,5836,8/30/18 12:35,0.859129383,1
429,465,,38,8/30/18,S,Engine Off,0,1142,40.775007,,-119.193272,Map it,9.443760000000001,0.0,1:36 PM,5836,8/30/18 13:36,0.8643979959999999,1
430,466,,39,8/30/18,S,Engine Off,0,1143,40.775007,,-119.193272,Map it,9.443760000000001,0.0,2:11 PM,5836,8/30/18 14:11,0.8674209709999999,1
431,467,,39,8/30/18,S,Engine Off,0,1144,40.775007,,-119.193272,Map it,9.443760000000001,0.0,2:12 PM,5836,8/30/18 14:12,0.867507342,1
432,468,,36,8/30/18,S,Engine Off,0,1145,40.775003999999996,,-119.193278,Map it,9.443760000000001,0.0,2:36 PM,5836,8/30/18 14:36,0.869580238,1
433,469,,35,8/30/18,S,Engine Off,0,1146,40.775075,,-119.19327,Map it,9.443760000000001,0.06213,3:37 PM,5836,8/30/18 15:37,0.874848851,1
434,470,,34,8/30/18,S,Engine Off,0,1147,40.774981,,-119.193303,Map it,9.443760000000001,0.0,4:37 PM,5836,8/30/18 16:37,0.8800310929999999,1
435,471,,33,8/30/18,S,Engine Off,0,1148,40.775054,,-119.19328300000001,Map it,9.443760000000001,0.12426,5:38 PM,5836,8/30/18 17:38,0.885299706,1
436,472,,32,8/30/18,S,Engine Off,0,1149,40.774959,,-119.193335,Map it,9.443760000000001,0.6213,6:38 PM,5836,8/30/18 18:38,0.8904819490000001,1
437,473,,38,8/30/18,S,Engine Off,0,1150,40.774959,,-119.193335,Map it,9.443760000000001,0.0,7:08 PM,5836,8/30/18 19:08,0.89307307,1
438,474,,37,8/30/18,S,Engine Off,0,1151,40.774959,,-119.193335,Map it,9.443760000000001,0.0,7:10 PM,5836,8/30/18 19:10,0.8932458109999999,1
439,475,,33,8/30/18,S,Engine Off,0,1152,40.774959,,-119.193335,Map it,9.443760000000001,0.0,7:10 PM,5836,8/30/18 19:10,0.8932458109999999,1
440,476,,31,8/30/18,S,Engine Off,0,1153,40.775059000000006,,-119.193251,Map it,9.443760000000001,0.0,7:38 PM,5836,8/30/18 19:38,0.8956641909999999,1
441,477,,30,8/30/18,S,Engine Off,0,1154,40.775019,,-119.19321200000002,Map it,9.443760000000001,0.0,8:38 PM,5836,8/30/18 20:38,0.900846433,1
442,478,,31,8/30/18,S,Engine Off,0,1155,40.775019,,-119.19321200000002,Map it,9.443760000000001,0.0,8:54 PM,5836,8/30/18 20:54,0.9022283640000001,1
443,479,,32,8/30/18,S,Engine Off,0,1156,40.775019,,-119.19321200000002,Map it,9.443760000000001,0.0,8:54 PM,5836,8/30/18 20:54,0.9022283640000001,1
444,480,,30,8/30/18,S,Engine Off,0,1157,40.77507,,-119.19333799999998,Map it,9.443760000000001,0.0,9:39 PM,5836,8/30/18 21:39,0.9061150459999999,1
445,481,,30,8/30/18,S,Engine Off,0,1158,40.77507,,-119.19333799999998,Map it,9.443760000000001,0.0,9:46 PM,5836,8/30/18 21:46,0.9067196409999999,1
446,482,,30,8/30/18,S,Engine Off,0,1159,40.77507,,-119.19333799999998,Map it,9.443760000000001,0.0,9:46 PM,5836,8/30/18 21:46,0.9067196409999999,1
447,483,,34,8/30/18,S,Engine Off,0,1160,40.77507,,-119.19333799999998,Map it,9.443760000000001,0.0,9:48 PM,5836,8/30/18 21:48,0.906892382,1
448,484,,34,8/30/18,S,Engine Off,0,1161,40.77507,,-119.19333799999998,Map it,9.443760000000001,0.0,9:49 PM,5836,8/30/18 21:49,0.906978753,1
449,485,,27,8/30/18,S,Engine Off,0,1162,40.775044,,-119.19328999999999,Map it,9.443760000000001,0.06213,10:39 PM,5836,8/30/18 22:39,0.911297288,1
450,486,,25,8/30/18,S,Engine Off,0,1163,40.775026000000004,,-119.193317,Map it,9.443760000000001,0.0,11:40 PM,5836,8/30/18 23:40,0.9165659009999999,1
451,487,,25,8/31/18,E,Engine Off,0,1164,40.774909,,-119.193072,Map it,9.443760000000001,0.31065,12:40 AM,5836,8/31/18 0:40,0.921748143,1
452,488,,22,8/31/18,E,Engine Off,0,1165,40.775016,,-119.193284,Map it,9.443760000000001,0.0,1:41 AM,5836,8/31/18 1:41,0.9270167559999999,1
453,489,,21,8/31/18,E,Engine Off,0,1166,40.775026000000004,,-119.193253,Map it,9.443760000000001,0.0,2:41 AM,5836,8/31/18 2:41,0.932198998,1
454,490,,19,8/31/18,E,Engine Off,0,1167,40.774985,,-119.193293,Map it,9.443760000000001,0.06213,3:41 AM,5836,8/31/18 3:41,0.93738124,1
455,491,,17,8/31/18,E,Engine Off,0,1168,40.774982,,-119.19336799999999,Map it,9.443760000000001,0.0,4:42 AM,5836,8/31/18 4:42,0.9426498529999999,1
456,492,,17,8/31/18,E,Engine Off,0,1169,40.775103,,-119.19316699999999,Map it,9.443760000000001,0.37278,5:42 AM,5836,8/31/18 5:42,0.947832095,1
457,493,,18,8/31/18,E,Engine Off,0,1170,40.775103,,-119.19316699999999,Map it,9.443760000000001,0.37278,6:15 AM,5836,8/31/18 6:15,0.950682329,1
458,494,,18,8/31/18,E,Engine Off,0,1171,40.775103,,-119.19316699999999,Map it,9.443760000000001,0.0,6:15 AM,5836,8/31/18 6:15,0.950682329,1
459,495,,16,8/31/18,E,Engine Off,0,1172,40.774991,,-119.193326,Map it,9.443760000000001,0.0,6:43 AM,5836,8/31/18 6:43,0.953100708,1
460,496,,17,8/31/18,E,Engine Off,0,1173,40.775118,,-119.19319899999999,Map it,9.443760000000001,0.0,7:43 AM,5836,8/31/18 7:43,0.95828295,1
461,497,,15,8/31/18,E,Engine Off,0,1174,40.774862,,-119.19315,Map it,9.443760000000001,0.06213,8:43 AM,5836,8/31/18 8:43,0.963465193,1
462,498,,14,8/31/18,E,Engine Off,0,1175,40.774955,,-119.19329599999999,Map it,9.443760000000001,0.0,9:44 AM,5836,8/31/18 9:44,0.968733805,1
463,499,,13,8/31/18,E,Engine Off,0,1176,40.775025,,-119.19323600000001,Map it,9.443760000000001,0.06213,10:44 AM,5836,8/31/18 10:44,0.973916048,1
464,500,,14,8/31/18,E,Engine Off,0,1177,40.775025,,-119.19323600000001,Map it,9.443760000000001,0.06213,10:56 AM,5836,8/31/18 10:56,0.9749524959999999,1
465,501,,14,8/31/18,E,Engine Off,0,1178,40.775025,,-119.19323600000001,Map it,9.443760000000001,0.0,10:57 AM,5836,8/31/18 10:57,0.975038867,1
466,502,,14,8/31/18,E,Engine Off,0,1179,40.775227,,-119.19341299999999,Map it,9.443760000000001,0.0,11:41 AM,5836,8/31/18 11:41,0.978839178,1
467,503,,14,8/31/18,E,Engine Off,0,1180,40.775227,,-119.19341299999999,Map it,9.443760000000001,0.0,11:42 AM,5836,8/31/18 11:42,0.978925548,1
468,504,,14,8/31/18,E,Engine Off,0,1181,40.775055,,-119.19333300000001,Map it,9.443760000000001,0.49704,11:45 AM,5836,8/31/18 11:45,0.9791846609999999,1
469,505,,11,8/31/18,E,Engine Off,0,1182,40.775024,,-119.193288,Map it,9.443760000000001,0.06213,12:45 PM,5836,8/31/18 12:45,0.984366903,1
470,506,,6,8/31/18,E,Engine Off,0,1183,40.774985,,-119.19329499999999,Map it,9.443760000000001,0.0,1:46 PM,5836,8/31/18 13:46,0.989635516,1
471,507,,4,8/31/18,E,Engine Off,0,1184,40.775002,,-119.193293,Map it,9.443760000000001,0.0,2:46 PM,5836,8/31/18 14:46,0.9948177579999999,1
472,508,,1,8/31/18,E,Engine Off,0,1185,40.775068,,-119.193276,Map it,9.443760000000001,0.80769,3:46 PM,5836,8/31/18 15:46,1.0,1
